Kategoria,Hasło
Szkody osobowe,Wypadki komunikacyjne
Szkody osobowe,Incydenty drogowe
Szkody osobowe,Uszkodzenia zdrowia
Szkody osobowe,Krzywdy cielesne
Szkody osobowe,Urazy ciała
Szkody materialne,Uszkodzenie mienia
Szkody materialne,Zniszczenia rzeczy
Szkody materialne,Straty materialne
Szkody materialne,Rozwód i podział majątku
Szkody materialne,Kradzieże
Szkody materialne,Spustoszenia
Ubezpieczenia,Polisy ubezpieczeniowe
Ubezpieczenia,Rozliczenia ubezpieczeniowe
Ubezpieczenia,Konflikty z polisami
Ubezpieczenia,Ochrona zdrowotna
Ubezpieczenia,Świadczenia ubezpieczeniowe
Kary grzywny,Wykroczenia finansowe
Kary grzywny,Kary pieniężne
Kary grzywny,Grzywny finansowe
Kary grzywny,Opłaty za wykroczenia
Kary grzywny,Naruszenia przepisów podatkowych
Zadośćuczynienie,Rekompensata
Zadośćuczynienie,Wyrównanie szkody
Zadośćuczynienie,Przywracanie sprawiedliwości
Zadośćuczynienie,Przywracanie równowagi
Zadośćuczynienie,Naprawienie krzywdy
Szkody w wyniku działalności gospodarczej,Spory biznesowe
Szkody w wyniku działalności gospodarczej,Rozliczenia handlowe
Szkody w wyniku działalności gospodarczej,Naruszenia kontraktów
Szkody w wyniku działalności gospodarczej,Konflikty korporacyjne
Szkody w wyniku działalności gospodarczej,Spory korporacyjne
Szkody środowiskowe,Uszkodzenia ekosystemów
Szkody środowiskowe,Naruszenia przepisów ochrony środowiska
Szkody środowiskowe,Zanieczyszczenia przyrodnicze
Szkody środowiskowe,Rozlew substancji niebezpiecznych
Szkody środowiskowe,Uszkodzenia środowiska naturalnego
Sprawy rodzinne i alimentacyjne,Podział majątku po rozwodzie
Sprawy rodzinne i alimentacyjne,Ustalanie wysokości alimentów
Sprawy rodzinne i alimentacyjne,Spory o prawa rodzicielskie
Sprawy rodzinne i alimentacyjne,Kwestie związane z opieką nad dziećmi
Sprawy rodzinne i alimentacyjne,Rozwody i separacje
Sprawy nieruchomości,Spory o nieruchomości
Sprawy nieruchomości,Spory dotyczące gruntów
Sprawy nieruchomości,Spory dzierżawcze
Sprawy nieruchomości,Naruszenia umów wynajmu
Sprawy nieruchomości,Szkody w budownictwie
Sprawy nieruchomości,Problemy z nieruchomościami
Sprawy spadkowe,Podział majątku po zmarłych
Sprawy spadkowe,Spory o spadek
Sprawy spadkowe,Dziedziczenie i dziedziczy
Sprawy spadkowe,Unieważnienie testamentu
Sprawy spadkowe,Podziały spadku
